index,critical_temp
0,8
1,34
2,92
3,92
4,92
5,92
6,92
7,93
8,88
9,96
10,37
11,4
12,20
13,75
14,92
15,92
16,92
17,92
18,89
19,86
20,7
21,96
22,16
23,75
24,83
25,34
26,37
27,75
28,92
29,92
30,16
31,120
32,120
33,90
34,110
35,63
36,57
37,57
38,75
39,20
40,93
41,93
42,18
43,110
44,92
45,110
46,75
47,76
48,92
49,57
50,77
51,77
52,91
53,93
54,75
55,64
56,80
57,80
58,79
59,83
60,92
61,90
62,92
63,92
64,90
65,51
66,51
67,25
68,54
69,90
70,80
71,36
72,87
73,90
74,37
75,93
76,65
77,16
78,92
79,91
80,77
81,93
82,92
83,32
84,92
85,16
86,83
87,4
88,49
89,49
90,80
91,86
92,54
93,91
94,80
95,54
96,4
97,27
98,90
99,89
100,25
101,54
102,86
103,48
104,48
105,77
106,60
107,60
108,54
109,54
110,54
111,54
112,54
113,64
114,64
115,64
116,64
117,70
118,50
119,50
120,92
121,92
122,90
123,41
124,4
125,92
126,95
127,15
128,120
129,37
130,89
131,87
132,87
133,107
134,85
135,90
136,90
137,10
138,91
139,93
140,75
141,59
142,30
143,13
144,92
145,75
146,67
147,67
148,90
149,38
150,109
151,109
152,105
153,87
154,93
155,92
156,93
157,93
158,57
159,32
160,20
161,87
162,87
163,10
164,18
165,27
166,27
167,90
168,70
169,89
170,30
171,38
172,38
173,23
174,18
175,15
176,16
177,16
178,63
179,30
180,45
181,29
182,28
183,28
184,90
185,92
186,57
187,57
188,33
189,70
190,92
191,32
192,92
193,92
194,107
195,107
196,120
197,120
198,20
199,59
200,38
201,87
202,86
203,86
204,37
205,86
206,86
207,89
208,90
209,91
210,78
211,82
212,82
213,92
214,82
215,80
216,79
217,65
218,89
219,25
220,63
221,30
222,37
223,57
224,57
225,96
226,92
227,75
228,64
229,27
230,31
231,57
232,20
233,90
234,54
235,54
236,71
237,79
238,79
239,79
240,45
241,90
242,90
243,67
244,86
245,40
246,40
247,40
248,89
249,36
250,57
251,57
252,87
253,80
254,86
255,114
256,114
257,42
258,75
259,20
260,108
261,70
262,86
263,86
264,59
265,14
266,86
267,91
268,79
269,90
270,95
271,90
272,120
273,84
274,84
275,84
276,84
277,20
278,23
279,23
280,19
281,19
282,20
283,19
284,92
285,95
286,90
287,16
288,32
289,84
290,84
291,72
292,80
293,15
294,26
295,120
296,57
297,7
298,60
299,27
300,30
301,37
302,77
303,102
304,102
305,93
306,63
307,25
308,30
309,63
310,91
311,54
312,4
313,18
314,77
315,87
316,16
317,86
318,86
319,76
320,87
321,59
322,76
323,59
324,92
325,87
326,90
327,16
328,30
329,27
330,90
331,21
332,37
333,13
334,13
335,29
336,13
337,13
338,30
339,3
340,29
341,13
342,16
343,30
344,91
345,22
346,55
347,51
348,80
349,20
350,20
351,57
352,59
353,63
354,90
355,77
356,86
357,86
358,33
359,84
360,60
361,92
362,30
363,30
364,76
365,8
366,16
367,27
368,34
369,24
370,92
371,26
372,17
373,60
374,27
375,27
376,27
377,27
378,92
379,15
380,36
381,32
382,83
383,44
384,76
385,78
386,8
387,13
388,37
389,13
390,86
391,29
392,25
393,27
394,23
395,89
396,106
397,108
398,55
399,30
400,33
401,67
402,67
403,38
404,25
405,58
406,106
407,29
408,29
409,107
410,27
411,31
412,31
413,31
414,92
415,19
416,92
417,88
418,88
419,86
420,41
421,64
422,64
423,86
424,84
425,53
426,87
427,38
428,31
429,75
430,18
431,86
432,86
433,89
434,60
435,29
436,78
437,27
438,64
439,64
440,64
441,64
442,64
443,67
444,22
445,18
446,28
447,89
448,21
449,21
450,21
451,21
452,86
453,21
454,21
455,21
456,64
457,64
458,11
459,49
460,28
461,93
462,93
463,83
464,37
465,86
466,26
467,76
468,41
469,23
470,37
471,53
472,37
473,43
474,43
475,24
476,43
477,13
478,46
479,30
480,36
481,36
482,82
483,29
484,90
485,4
486,15
487,4
488,30
489,29
490,118
491,70
492,70
493,70
494,27
495,27
496,89
497,34
498,82
499,82
500,47
501,16
502,59
503,25
504,30
505,64
506,78
507,78
508,33
509,70
510,26
511,64
512,92
513,45
514,25
515,30
516,93
517,29
518,55
519,55
520,14
521,63
522,27
523,92
524,33
525,36
526,36
527,72
528,72
529,27
530,10
531,10
532,45
533,60
534,60
535,21
536,10
537,107
538,110
539,20
540,92
541,77
542,89
543,107
544,92
545,87
546,70
547,43
548,51
549,51
550,51
551,86
552,86
553,77
554,86
555,86
556,86
557,67
558,67
559,103
560,93
561,85
562,20
563,79
564,89
565,87
566,87
567,68
568,57
569,45
570,31
571,80
572,79
573,80
574,60
575,34
576,57
577,87
578,68
579,18
580,15
581,90
582,26
583,134
584,20
585,67
586,90
587,86
588,52
589,92
590,92
591,23
592,82
593,40
594,76
595,76
596,40
597,82
598,82
599,16
600,26
601,31
602,13
603,16
604,86
605,86
606,40
607,80
608,13
609,25
610,14
611,90
612,90
613,90
614,18
615,36
616,17
617,19
618,57
619,18
620,15
621,62
622,10
623,10
624,10
625,10
626,10
627,27
628,41
629,15
630,9
631,27
632,7
633,7
634,30
635,30
636,29
637,127
638,30
639,60
640,14
641,108
642,92
643,79
644,75
645,57
646,70
647,57
648,5
649,5
650,40
651,46
652,29
653,23
654,21
655,23
656,17
657,1
658,90
659,20
660,37
661,20
662,32
663,67
664,68
665,107
666,12
667,90
668,63
669,92
670,86
671,26
672,86
673,86
674,76
675,28
676,89
677,89
678,28
679,76
680,40
681,80
682,78
683,78
684,92
685,67
686,67
687,62
688,56
689,56
690,67
691,37
692,107
693,75
694,90
695,92
696,92
697,92
698,92
699,90
700,57
701,67
702,60
703,21
704,14
705,92
706,63
707,75
708,26
709,134
710,134
711,127
712,91
713,90
714,78
715,64
716,92
717,30
718,127
719,127
720,78
721,76
722,50
723,50
724,26
725,65
726,73
727,127
728,118
729,127
730,134
731,134
732,92
733,106
734,110
735,63
736,27
737,55
738,55
739,55
740,55
741,55
742,45
743,64
744,64
745,117
746,91
747,110
748,92
749,114
750,89
751,76
752,32
753,15
754,9
755,63
756,25
757,30
758,58
759,46
760,90
761,90
762,53
763,53
764,93
765,2
766,30
767,87
768,24
769,20
770,19
771,49
772,38
773,25
774,25
775,89
776,64
777,64
778,92
779,83
780,45
781,45
782,45
783,76
784,56
785,56
786,78
787,110
788,70
789,78
790,69
791,14
792,24
793,80
794,26
795,45
796,71
797,86
798,87
799,64
800,64
801,118
802,134
803,66
804,82
805,64
806,21
807,21
808,4
809,90
810,90
811,107
812,120
813,117
814,90
815,20
816,92
817,59
818,92
819,92
820,90
821,75
822,58
823,90
824,86
825,90
826,92
827,92
828,91
829,75
830,93
831,6
832,62
833,63
834,32
835,34
836,34
837,40
838,40
839,38
840,78
841,78
842,80
843,40
844,78
845,78
846,78
847,78
848,89
849,89
850,51
851,80
852,25
853,63
854,63
855,89
856,67
857,82
858,30
859,30
860,30
861,72
862,45
863,43
864,43
865,43
866,43
867,43
868,63
869,57
870,25
871,76
872,20
873,76
874,58
875,92
876,132
877,43
878,78
879,78
880,41
881,41
882,78
883,78
884,41
885,92
886,59
887,59
888,45
889,41
890,4
891,21
892,21
893,21
894,52
895,84
896,92
897,59
898,64
899,64
900,45
901,23
902,23
903,25
904,25
905,63
906,63
907,25
908,25
909,76
910,90
911,4
912,4
913,55
914,64
915,72
916,72
917,72
918,23
919,76
920,89
921,78
922,27
923,20
924,90
925,18
926,86
927,58
928,58
929,58
930,31
931,58
932,58
933,34
934,62
935,63
936,24
937,24
938,108
939,102
940,87
941,80
942,82
943,90
944,41
945,82
946,102
947,87
948,87
949,87
950,87
951,87
952,67
953,67
954,62
955,26
956,26
957,25
958,63
959,18
960,71
961,71
962,92
963,94
964,70
965,67
966,92
967,134
968,32
969,8
970,30
971,16
972,16
973,16
974,11
975,30
976,110
977,53
978,60
979,60
980,86
981,78
982,80
983,95
984,55
985,15
986,43
987,70
988,25
989,65
990,57
991,25
992,48
993,89
994,49
995,75
996,35
997,86
998,88
999,20
1000,20
1001,80
1002,11
1003,16
1004,16
1005,34
1006,62
1007,86
1008,65
1009,20
1010,92
1011,110
1012,20
1013,18
1014,78
1015,78
1016,78
1017,43
1018,34
1019,40
1020,107
1021,43
1022,43
1023,82
1024,82
1025,29
1026,27
1027,27
1028,27
1029,27
1030,76
1031,86
1032,86
1033,60
1034,65
1035,47
1036,21
1037,60
1038,89
1039,89
1040,59
1041,59
1042,32
1043,90
1044,78
1045,53
1046,39
1047,92
1048,128
1049,128
1050,9
1051,38
1052,38
1053,38
1054,38
1055,38
1056,38
1057,38
1058,38
1059,43
1060,25
1061,48
1062,66
1063,80
1064,48
1065,48
1066,17
1067,17
1068,63
1069,70
1070,35
1071,22
1072,30
1073,78
1074,20
1075,20
1076,79
1077,134
1078,80
1079,56
1080,76
1081,40
1082,83
1083,31
1084,38
1085,38
1086,71
1087,82
1088,92
1089,102
1090,86
1091,86
1092,86
1093,100
1094,86
1095,86
1096,31
1097,28
1098,59
1099,64
1100,91
1101,91
1102,22
1103,57
1104,68
1105,26
1106,23
1107,18
1108,82
1109,82
1110,70
1111,70
1112,44
1113,31
1114,86
1115,86
1116,58
1117,86
1118,23
1119,13
1120,11
1121,35
1122,90
1123,34
1124,18
1125,67
1126,67
1127,134
1128,120
1129,120
1130,89
1131,28
1132,28
1133,78
1134,82
1135,82
1136,107
1137,33
1138,49
1139,41
1140,87
1141,93
1142,93
1143,93
1144,67
1145,76
1146,56
1147,75
1148,40
1149,21
1150,86
1151,26
1152,26
1153,80
1154,80
1155,80
1156,80
1157,80
1158,80
1159,78
1160,80
1161,70
1162,86
1163,86
1164,92
1165,86
1166,86
1167,86
1168,86
1169,55
1170,55
1171,89
1172,92
1173,45
1174,70
1175,23
1176,23
1177,59
1178,58
1179,34
1180,80
1181,53
1182,89
1183,84
1184,84
1185,106
1186,47
1187,47
1188,47
1189,64
1190,86
1191,66
1192,66
1193,87
1194,92
1195,92
1196,80
1197,89
1198,86
1199,86
1200,86
1201,60
1202,87
1203,72
1204,68
1205,87
1206,56
1207,37
1208,36
1209,11
1210,19
1211,17
1212,27
1213,38
1214,12
1215,87
1216,82
1217,82
1218,80
1219,43
1220,29
1221,29
1222,29
1223,22
1224,37
1225,26
1226,20
1227,4
1228,63
1229,75
1230,4
1231,34
1232,41
1233,4
1234,4
1235,26
1236,12
1237,25
1238,26
1239,13
1240,11
1241,9
1242,24
1243,24
1244,83
1245,76
1246,92
1247,29
1248,11
1249,25
1250,80
1251,26
1252,95
1253,24
1254,23
1255,20
1256,37
1257,17
1258,86
1259,87
1260,87
1261,87
1262,20
1263,60
1264,45
1265,25
1266,25
1267,76
1268,76
1269,71
1270,71
1271,33
1272,32
1273,18
1274,20
1275,79
1276,79
1277,68
1278,87
1279,70
1280,86
1281,92
1282,86
1283,106
1284,17
1285,64
1286,86
1287,86
1288,76
1289,78
1290,76
1291,20
1292,58
1293,107
1294,80
1295,82
1296,80
1297,1
1298,26
1299,26
1300,76
1301,76
1302,76
1303,80
1304,80
1305,90
1306,72
1307,63
1308,64
1309,26
1310,26
1311,51
1312,45
1313,45
1314,4
1315,4
1316,21
1317,8
1318,70
1319,93
1320,93
1321,20
1322,87
1323,88
1324,20
1325,36
1326,86
1327,29
1328,46
1329,33
1330,89
1331,89
1332,89
1333,42
1334,46
1335,78
1336,78
1337,47
1338,92
1339,92
1340,92
1341,92
1342,13
1343,13
1344,4
1345,78
1346,63
1347,46
1348,78
1349,78
1350,93
1351,92
1352,93
1353,92
1354,93
1355,93
1356,93
1357,77
1358,90
1359,91
1360,45
1361,45
1362,92
1363,92
1364,4
1365,23
1366,20
1367,8
1368,16
1369,20
1370,75
1371,90
1372,13
1373,67
1374,40
1375,40
1376,33
1377,45
1378,72
1379,18
1380,110
1381,132
1382,89
1383,35
1384,89
1385,89
1386,89
1387,92
1388,82
1389,92
1390,59
1391,30
1392,60
1393,60
1394,34
1395,92
1396,57
1397,20
1398,20
1399,7
1400,92
1401,45
1402,25
1403,25
1404,32
1405,80
1406,86
1407,89
1408,89
1409,90
1410,70
1411,13
1412,27
1413,27
1414,31
1415,92
1416,78
1417,90
1418,92
1419,118
1420,59
1421,45
1422,59
1423,67
1424,67
1425,92
1426,92
1427,63
1428,59
1429,76
1430,89
1431,76
1432,89
1433,86
1434,45
1435,27
1436,63
1437,82
1438,76
1439,40
1440,28
1441,40
1442,67
1443,90
1444,67
1445,68
1446,68
1447,0
1448,1
1449,0
1450,30
1451,13
1452,24
1453,8
1454,8
1455,92
1456,44
1457,23
1458,92
1459,59
1460,20
1461,32
1462,37
1463,35
1464,20
1465,20
1466,90
1467,118
1468,92
1469,42
1470,76
1471,58
1472,58
1473,7
1474,31
1475,25
1476,17
1477,25
1478,1
1479,16
1480,16
1481,7
1482,90
1483,86
1484,89
1485,47
1486,47
1487,67
1488,64
1489,47
1490,33
1491,64
1492,64
1493,47
1494,47
1495,64
1496,25
1497,90
1498,78
1499,92
1500,89
1501,78
1502,78
1503,70
1504,54
1505,54
1506,36
1507,78
1508,27
1509,90
1510,92
1511,128
1512,13
1513,55
1514,86
1515,78
1516,78
1517,90
1518,33
1519,89
1520,89
1521,64
1522,78
1523,78
1524,76
1525,78
1526,82
1527,76
1528,76
1529,86
1530,70
1531,17
1532,17
1533,11
1534,27
1535,17
1536,35
1537,86
1538,59
1539,45
1540,20
1541,89
1542,21
1543,19
1544,17
1545,19
1546,92
1547,127
1548,127
1549,127
1550,134
1551,134
1552,134
1553,73
1554,73
1555,95
1556,61
1557,55
1558,55
1559,84
1560,92
1561,45
1562,48
1563,45
1564,25
1565,25
1566,25
1567,58
1568,86
1569,90
1570,17
1571,8
1572,27
1573,20
1574,22
1575,11
1576,77
1577,29
1578,11
1579,26
1580,51
1581,29
1582,29
1583,92
1584,92
1585,16
1586,29
1587,20
1588,86
1589,37
1590,37
1591,13
1592,86
1593,93
1594,92
1595,92
1596,82
1597,80
1598,75
1599,37
1600,37
1601,16
1602,20
1603,15
1604,76
1605,86
1606,89
1607,20
1608,71
1609,97
1610,80
1611,80
1612,80
1613,80
1614,64
1615,37
1616,33
1617,22
1618,87
1619,26
1620,40
1621,67
1622,30
1623,13
1624,57
1625,64
1626,86
1627,90
1628,72
1629,90
1630,6
1631,32
1632,34
1633,94
1634,24
1635,13
1636,16
1637,30
1638,30
1639,29
1640,13
1641,29
1642,14
1643,10
1644,29
1645,13
1646,30
1647,49
1648,60
1649,96
1650,15
1651,26
1652,89
1653,55
1654,55
1655,55
1656,79
1657,25
1658,30
1659,77
1660,87
1661,26
1662,87
1663,90
1664,63
1665,22
1666,20
1667,97
1668,106
1669,64
1670,120
1671,82
1672,26
1673,107
1674,120
1675,106
1676,120
1677,108
1678,90
1679,89
1680,72
1681,63
1682,25
1683,63
1684,134
1685,118
1686,58
1687,70
1688,12
1689,37
1690,37
1691,43
1692,10
1693,107
1694,86
1695,60
1696,11
1697,30
1698,15
1699,49
1700,62
1701,90
1702,54
1703,117
1704,117
1705,134
1706,16
1707,54
1708,76
1709,42
1710,62
1711,16
1712,30
1713,22
1714,14
1715,14
1716,12
1717,25
1718,25
1719,16
1720,95
1721,95
1722,27
1723,20
1724,20
1725,63
1726,20
1727,13
1728,30
1729,26
1730,20
1731,20
1732,88
1733,67
1734,89
1735,71
1736,16
1737,92
1738,15
1739,30
1740,86
1741,86
1742,13
1743,86
1744,18
1745,17
1746,45
1747,26
1748,26
1749,26
1750,72
1751,72
1752,77
1753,6
1754,6
1755,11
1756,6
1757,6
1758,6
1759,92
1760,85
1761,94
1762,94
1763,95
1764,8
1765,84
1766,84
1767,88
1768,90
1769,10
1770,91
1771,91
1772,42
1773,93
1774,37
1775,37
1776,26
1777,29
1778,19
1779,19
1780,19
1781,64
1782,64
1783,86
1784,64
1785,29
1786,29
1787,32
1788,90
1789,11
1790,118
1791,119
1792,38
1793,60
1794,37
1795,84
1796,35
1797,82
1798,82
1799,82
1800,21
1801,19
1802,15
1803,15
1804,7
1805,2
1806,2
1807,8
1808,29
1809,90
1810,47
1811,29
1812,7
1813,5
1814,90
1815,92
1816,10
1817,12
1818,5
1819,4
1820,26
1821,26
1822,60
1823,86
1824,32
1825,28
1826,28
1827,60
1828,76
1829,76
1830,76
1831,80
1832,30
1833,33
1834,8
1835,7
1836,32
1837,32
1838,34
1839,34
1840,84
1841,84
1842,84
1843,1
1844,1
1845,82
1846,58
1847,58
1848,92
1849,32
1850,8
1851,32
1852,16
1853,20
1854,20
1855,63
1856,75
1857,90
1858,36
1859,29
1860,22
1861,60
1862,60
1863,20
1864,106
1865,106
1866,107
1867,37
1868,35
1869,26
1870,9
1871,30
1872,24
1873,29
1874,89
1875,89
1876,9
1877,45
1878,91
1879,67
1880,15
1881,107
1882,106
1883,106
1884,43
1885,21
1886,93
1887,86
1888,82
1889,5
1890,32
1891,12
1892,33
1893,26
1894,15
1895,78
1896,78
1897,25
1898,30
1899,10
1900,37
1901,120
1902,89
1903,89
1904,90
1905,51
1906,51
1907,93
1908,90
1909,23
1910,12
1911,25
1912,4
1913,89
1914,20
1915,32
1916,20
1917,27
1918,17
1919,32
1920,32
1921,32
1922,37
1923,4
1924,2
1925,13
1926,4
1927,32
1928,26
1929,30
1930,25
1931,30
1932,2
1933,4
1934,4
1935,21
1936,32
1937,41
1938,52
1939,18
1940,70
1941,21
1942,23
1943,23
1944,23
1945,25
1946,25
1947,25
1948,25
1949,25
1950,64
1951,19
1952,1
1953,64
1954,3
1955,3
1956,86
1957,1
1958,4
1959,23
1960,30
1961,1
1962,7
1963,11
1964,11
1965,11
1966,11
1967,11
1968,30
1969,67
1970,67
1971,67
1972,67
1973,32
1974,27
1975,34
1976,34
1977,34
1978,34
1979,30
1980,41
1981,86
1982,86
1983,89
1984,38
1985,60
1986,60
1987,60
1988,31
1989,100
1990,1
1991,78
1992,78
1993,19
1994,27
1995,107
1996,3
1997,3
1998,2
1999,2
2000,3
2001,3
2002,9
2003,1
2004,8
2005,8
2006,11
2007,32
2008,16
2009,6
2010,38
2011,2
2012,38
2013,0
2014,3
2015,1
2016,0
2017,3
2018,0
2019,91
2020,91
2021,53
2022,44
2023,2
2024,38
2025,0
2026,96
2027,117
2028,37
2029,39
2030,2
2031,37
2032,2
2033,2
2034,4
2035,60
2036,60
2037,60
2038,60
2039,60
2040,38
2041,1
2042,6
2043,62
2044,43
2045,56
2046,89
2047,3
2048,1
2049,1
2050,1
2051,0
2052,3
2053,2
2054,2
2055,3
2056,5
2057,3
2058,5
2059,2
2060,3
2061,6
2062,6
2063,6
2064,6
2065,37
2066,63
2067,63
2068,63
2069,63
2070,3
2071,3
2072,70
2073,70
2074,37
2075,37
2076,56
2077,56
2078,56
2079,80
2080,80
2081,118
2082,118
2083,12
2084,25
2085,25
2086,43
2087,29
2088,21
2089,0
2090,6
2091,9
2092,3
2093,1
2094,8
2095,8
2096,8
2097,8
2098,9
2099,0
2100,0
2101,0
2102,7
2103,4
2104,23
2105,30
2106,30
2107,0
2108,0
2109,38
2110,35
2111,37
2112,3
2113,5
2114,109
2115,92
2116,106
2117,92
2118,0
2119,5
2120,6
2121,2
2122,0
2123,2
2124,2
2125,2
2126,0
2127,6
2128,6
2129,2
2130,12
2131,12
2132,8
2133,2
2134,20
2135,6
2136,5
2137,5
2138,5
2139,1
2140,21
2141,18
2142,3
2143,3
2144,3
2145,3
2146,3
2147,1
2148,1
2149,2
2150,32
2151,13
2152,37
2153,29
2154,25
2155,13
2156,18
2157,98
2158,72
2159,5
2160,23
2161,1
2162,132
2163,1
2164,1
2165,11
2166,1
2167,0
2168,0
2169,1
2170,1
2171,3
2172,1
2173,3
2174,3
2175,4
2176,0
2177,3
2178,2
2179,2
2180,2
2181,2
2182,1
2183,6
2184,4
2185,6
2186,2
2187,15
2188,2
2189,2
2190,2
2191,2
2192,2
2193,8
2194,2
2195,2
2196,2
2197,2
2198,2
2199,2
2200,2
2201,2
2202,2
2203,2
2204,4
2205,1
2206,2
2207,1
2208,1
2209,1
2210,1
2211,38
2212,37
2213,4
2214,4
2215,9
2216,3
2217,4
2218,6
2219,37
2220,1
2221,1
2222,0
2223,11
2224,2
2225,2
2226,2
2227,2
2228,7
2229,2
2230,3
2231,3
2232,0
2233,2
2234,0
2235,37
2236,37
2237,38
2238,37
2239,37
2240,38
2241,7
2242,2
2243,1
2244,1
2245,4
2246,4
2247,2
2248,2
2249,1
2250,4
2251,1
2252,9
2253,3
2254,4
2255,6
2256,0
2257,1
2258,0
2259,0
2260,9
2261,0
2262,6
2263,0
2264,5
2265,10
2266,19
2267,0
2268,3
2269,6
2270,4
2271,1
2272,1
2273,14
2274,3
2275,13
2276,1
2277,5
2278,3
2279,0
2280,0
2281,5
2282,18
2283,9
2284,9
2285,0
2286,0
2287,2
2288,2
2289,11
2290,4
2291,4
2292,2
2293,1
2294,0
2295,4
2296,4
2297,3
2298,3
2299,8
2300,2
2301,3
2302,3
2303,9
2304,6
2305,1
2306,5
2307,2
2308,8
2309,9
2310,0
2311,0
2312,0
2313,4
2314,4
2315,4
2316,1
2317,2
2318,2
2319,8
2320,8
2321,3
2322,8
2323,8
2324,2
2325,0
2326,0
2327,6
2328,2
2329,11
2330,2
2331,10
2332,3
2333,3
2334,2
2335,0
2336,3
2337,4
2338,4
2339,2
2340,0
2341,0
2342,0
2343,6
2344,1
2345,1
2346,0
2347,4
2348,0
2349,0
2350,0
2351,2
2352,5
2353,2
2354,1
2355,13
2356,1
2357,10
2358,2
2359,0
2360,6
2361,10
2362,0
2363,1
2364,2
2365,8
2366,2
2367,0
2368,3
2369,13
2370,2
2371,6
2372,12
2373,0
2374,2
2375,4
2376,10
2377,4
2378,3
2379,3
2380,2
2381,2
2382,2
2383,2
2384,9
2385,3
2386,3
2387,4
2388,9
2389,0
2390,4
2391,2
2392,6
2393,6
2394,3
2395,3
2396,2
2397,3
2398,4
2399,2
2400,2
2401,2
2402,7
2403,6
2404,0
2405,3
2406,4
2407,0
2408,0
2409,2
2410,4
2411,2
2412,3
2413,1
2414,4
2415,1
2416,1
2417,1
2418,4
2419,4
2420,3
2421,2
2422,0
2423,0
2424,1
2425,1
2426,4
2427,14
2428,1
2429,3
2430,5
2431,5
2432,5
2433,2
2434,5
2435,1
2436,6
2437,6
2438,6
2439,2
2440,6
2441,2
2442,13
2443,8
2444,4
2445,1
2446,1
2447,4
2448,5
2449,5
2450,5
2451,5
2452,5
2453,3
2454,2
2455,0
2456,2
2457,2
2458,2
2459,4
2460,1
2461,18
2462,17
2463,13
2464,6
2465,1
2466,2
2467,7
2468,16
2469,16
2470,5
2471,5
2472,6
2473,10
2474,8
2475,7
2476,10
2477,8
2478,10
2479,10
2480,7
2481,8
2482,9
2483,7
2484,5
2485,8
2486,8
2487,2
2488,8
2489,1
2490,1
2491,11
2492,2
2493,2
2494,0
2495,2
2496,7
2497,7
2498,4
2499,7
2500,7
2501,1
2502,1
2503,4
2504,2
2505,2
2506,3
2507,1
2508,4
2509,4
2510,1
2511,4
2512,1
2513,2
2514,5
2515,9
2516,2
2517,0
2518,4
2519,4
2520,4
2521,1
2522,4
2523,4
2524,2
2525,2
2526,2
2527,2
2528,4
2529,1
2530,2
2531,2
2532,2
2533,2
2534,16
2535,4
2536,2
2537,8
2538,8
2539,8
2540,6
2541,9
2542,2
2543,6
2544,1
2545,5
2546,8
2547,6
2548,3
2549,17
2550,16
2551,5
2552,3
2553,3
2554,4
2555,5
2556,5
2557,3
2558,0
2559,5
2560,2
2561,1
2562,0
2563,9
2564,9
2565,2
2566,5
2567,1
2568,6
2569,2
2570,2
2571,5
2572,2
2573,2
2574,5
2575,5
2576,4
2577,7
2578,2
2579,5
2580,0
2581,1
2582,12
2583,12
2584,13
2585,13
2586,2
2587,13
2588,13
2589,16
2590,7
2591,7
2592,11
2593,10
2594,13
2595,9
2596,1
2597,13
2598,13
2599,11
2600,2
2601,2
2602,2
2603,8
2604,2
2605,17
2606,11
2607,1
2608,15
2609,14
2610,18
2611,16
2612,1
2613,2
2614,2
2615,2
2616,2
2617,2
2618,2
2619,2
2620,13
2621,0
2622,13
2623,13
2624,2
2625,18
2626,15
2627,0
2628,0
2629,4
2630,6
2631,0
2632,1
2633,8
2634,8
2635,8
2636,8
2637,8
2638,8
2639,5
2640,17
2641,8
2642,9
2643,5
2644,2
2645,2
2646,1
2647,4
2648,4
2649,3
2650,0
2651,1
2652,1
2653,8
2654,3
2655,3
2656,2
2657,0
2658,2
2659,4
2660,1
2661,1
2662,2
2663,6
2664,5
2665,1
2666,3
2667,2
2668,17
2669,6
2670,3
2671,4
2672,1
2673,2
2674,6
2675,5
2676,1
2677,7
2678,4
2679,4
2680,2
2681,4
2682,4
2683,6
2684,3
2685,9
2686,9
2687,5
2688,16
2689,17
2690,5
2691,8
2692,13
2693,10
2694,8
2695,4
2696,2
2697,2
2698,3
2699,6
2700,3
2701,8
2702,25
2703,14
2704,14
2705,8
2706,8
2707,10
2708,25
2709,3
2710,1
2711,1
2712,3
2713,8
2714,19
2715,4
2716,3
2717,15
2718,4
2719,4
2720,4
2721,2
2722,14
2723,11
2724,6
2725,10
2726,4
2727,25
2728,11
2729,10
2730,2
2731,14
2732,7
2733,10
2734,29
2735,0
2736,4
2737,4
2738,13
2739,2
2740,2
2741,8
2742,4
2743,4
2744,4
2745,3
2746,3
2747,3
2748,4
2749,7
2750,1
2751,2
2752,1
2753,4
2754,6
2755,1
2756,1
2757,7
2758,3
2759,18
2760,6
2761,10
2762,18
2763,18
2764,16
2765,17
2766,18
2767,14
2768,15
2769,9
2770,9
2771,11
2772,11
2773,11
2774,11
2775,11
2776,9
2777,18
2778,18
2779,19
2780,19
2781,19
2782,17
2783,17
2784,2
2785,1
2786,1
2787,1
2788,1
2789,1
2790,1
2791,19
2792,18
2793,18
2794,19
2795,19
2796,16
2797,5
2798,5
2799,11
2800,11
2801,11
2802,6
2803,8
2804,8
2805,9
2806,8
2807,12
2808,12
2809,12
2810,11
2811,7
2812,14
2813,18
2814,17
2815,6
2816,14
2817,14
2818,2
2819,21
2820,38
2821,38
2822,0
2823,15
2824,2
2825,14
2826,14
2827,14
2828,0
2829,2
2830,3
2831,3
2832,7
2833,0
2834,1
2835,9
2836,24
2837,6
2838,0
2839,8
2840,1
2841,2
2842,1
2843,3
2844,3
2845,38
2846,37
2847,38
2848,37
2849,23
2850,38
2851,0
2852,11
2853,6
2854,19
2855,19
2856,19
2857,9
2858,38
2859,34
2860,15
2861,14
2862,29
2863,1
2864,2
2865,60
2866,3
2867,1
2868,2
2869,0
2870,0
2871,7
2872,13
2873,3
2874,3
2875,1
2876,1
2877,3
2878,7
2879,5
2880,6
2881,37
2882,3
2883,38
2884,38
2885,37
2886,37
2887,7
2888,7
2889,5
2890,11
2891,22
2892,14
2893,38
2894,34
2895,38
2896,14
2897,5
2898,32
2899,32
2900,8
2901,3
2902,3
2903,6
2904,7
2905,3
2906,8
2907,8
2908,2
2909,3
2910,8
2911,3
2912,3
2913,3
2914,7
2915,3
2916,1
2917,3
2918,3
2919,1
2920,1
2921,3
2922,8
2923,8
2924,2
2925,3
2926,6
2927,1
2928,1
2929,1
2930,3
2931,5
2932,4
2933,5
2934,8
2935,0
2936,4
2937,9
2938,9
2939,9
2940,10
2941,6
2942,6
2943,6
2944,3
2945,3
2946,1
2947,38
2948,8
2949,8
2950,1
2951,3
2952,3
2953,6
2954,1
2955,1
2956,14
2957,3
2958,3
2959,3
2960,4
2961,3
2962,5
2963,5
2964,5
2965,4
2966,4
2967,4
2968,4
2969,4
2970,10
2971,0
2972,2
2973,0
2974,2
2975,17
2976,37
2977,17
2978,38
2979,2
2980,1
2981,21
2982,38
2983,37
2984,10
2985,1
2986,5
2987,34
2988,37
2989,37
2990,21
2991,37
2992,0
2993,0
2994,0
2995,3
2996,14
2997,2
2998,2
2999,2
3000,1
3001,7
3002,15
3003,1
3004,6
3005,3
3006,7
3007,2
3008,4
3009,1
3010,1
3011,5
3012,2
3013,6
3014,7
3015,3
3016,0
3017,2
3018,2
3019,1
3020,11
3021,15
3022,15
3023,4
3024,1
3025,37
3026,14
3027,14
3028,14
3029,8
3030,3
3031,0
3032,1
3033,1
3034,0
3035,0
3036,6
3037,0
3038,0
3039,0
3040,13
3041,13
3042,7
3043,13
3044,16
3045,15
3046,15
3047,13
3048,13
3049,1
3050,1
3051,5
3052,2
3053,0
3054,18
3055,18
3056,19
3057,17
3058,18
3059,14
3060,19
3061,18
3062,16
3063,8
3064,7
3065,3
3066,4
3067,4
3068,4
3069,11
3070,11
3071,11
3072,0
3073,0
3074,4
3075,2
3076,3
3077,5
3078,8
3079,10
3080,5
3081,1
3082,3
3083,3
3084,3
3085,8
3086,8
3087,1
3088,4
3089,4
3090,5
3091,0
3092,8
3093,0
3094,0
3095,4
3096,5
3097,1
3098,0
3099,6
3100,0
3101,0
3102,4
3103,2
3104,0
3105,1
3106,2
3107,4
3108,3
3109,4
3110,4
3111,4
3112,3
3113,4
3114,1
3115,3
3116,1
3117,4
3118,2
3119,7
3120,4
3121,3
3122,2
3123,2
3124,17
3125,16
3126,8
3127,11
3128,2
3129,1
3130,2
3131,1
3132,13
3133,7
3134,13
3135,13
3136,2
3137,1
3138,5
3139,5
3140,5
3141,1
3142,5
3143,5
3144,3
3145,9
3146,8
3147,2
3148,5
3149,3
3150,3
3151,3
3152,3
3153,2
3154,0
3155,0
3156,0
3157,0
3158,0
3159,0
3160,0
3161,0
3162,0
3163,0
3164,0
3165,0
3166,0
3167,0
3168,0
3169,0
3170,2
3171,1
3172,6
3173,0
3174,4
3175,0
3176,3
3177,37
3178,6
3179,4
3180,4
3181,4
3182,4
3183,1
3184,3
3185,4
3186,2
3187,7
3188,8
3189,8
3190,8
3191,8
3192,5
3193,2
3194,4
3195,4
3196,4
3197,3
3198,6
3199,5
3200,3
3201,4
3202,7
3203,16
3204,16
3205,20
3206,3
3207,17
3208,17
3209,17
3210,17
3211,17
3212,5
3213,6
3214,6
3215,6
3216,8
3217,5
3218,4
3219,5
3220,4
3221,1
3222,1
3223,1
3224,1
3225,1
3226,1
3227,4
3228,2
3229,2
3230,4
3231,4
3232,2
3233,2
3234,2
3235,5
3236,6
3237,4
3238,4
3239,4
3240,3
3241,21
3242,21
3243,21
3244,4
3245,3
3246,11
3247,2
3248,3
3249,8
3250,8
3251,2
3252,2
3253,1
3254,6
3255,7
3256,11
3257,6
3258,3
3259,2
3260,3
3261,4
3262,4
3263,4
3264,11
3265,1
3266,3
3267,14
3268,13
3269,8
3270,13
3271,4
3272,4
3273,17
3274,8
3275,6
3276,3
3277,6
3278,13
3279,10
3280,3
3281,1
3282,10
3283,17
3284,8
3285,3
3286,5
3287,11
3288,11
3289,0
3290,0
3291,4
3292,0
3293,0
3294,2
3295,5
3296,4
3297,3
3298,3
3299,1
3300,6
3301,2
3302,2
3303,1
3304,4
3305,2
3306,4
3307,2
3308,3
3309,3
3310,16
3311,2
3312,2
3313,16
3314,3
3315,1
3316,1
3317,1
3318,2
3319,1
3320,1
3321,1
3322,1
3323,11
3324,6
3325,5
3326,5
3327,3
3328,4
3329,3
3330,3
3331,11
3332,11
3333,6
3334,0
3335,2
3336,0
3337,4
3338,8
3339,4
3340,4
3341,4
3342,1
3343,1
3344,12
3345,12
3346,12
3347,11
3348,12
3349,12
3350,12
3351,1
3352,12
3353,5
3354,5
3355,20
3356,11
3357,11
3358,8
3359,3
3360,1
3361,0
3362,0
3363,0
3364,10
3365,0
3366,0
3367,0
3368,0
3369,0
3370,0
3371,0
3372,3
3373,13
3374,11
3375,10
3376,9
3377,11
3378,11
3379,10
3380,10
3381,10
3382,11
3383,2
3384,1
3385,1
3386,3
3387,3
3388,8
3389,1
3390,4
3391,116
3392,116
3393,116
3394,117
3395,37
3396,23
3397,1
3398,1
3399,1
3400,6
3401,11
3402,27
3403,18
3404,117
3405,117
3406,90
3407,90
3408,92
3409,34
3410,2
3411,30
3412,30
3413,74
3414,7
3415,2
3416,11
3417,1
3418,3
3419,6
3420,1
3421,9
3422,2
3423,0
3424,2
3425,3
3426,2
3427,3
3428,3
3429,3
3430,2
3431,2
3432,4
3433,4
3434,4
3435,2
3436,2
3437,10
3438,3
3439,6
3440,7
3441,5
3442,3
3443,7
3444,4
3445,1
3446,10
3447,53
3448,106
3449,11
3450,8
3451,8
3452,41
3453,85
3454,87
3455,118
3456,96
3457,100
3458,1
3459,1
3460,1
3461,2
3462,2
3463,1
3464,1
3465,2
3466,0
3467,1
3468,3
3469,0
3470,3
3471,100
3472,104
3473,29
3474,25
3475,7
3476,8
3477,2
3478,1
3479,7
3480,5
3481,104
3482,3
3483,1
3484,2
3485,6
3486,30
3487,20
3488,5
3489,35
3490,8
3491,36
3492,41
3493,22
3494,48
3495,5
3496,25
3497,46
3498,25
3499,3
3500,3
3501,47
3502,46
3503,13
3504,8
3505,3
3506,0
3507,5
3508,59
3509,45
3510,8
3511,1
3512,4
3513,0
3514,0
3515,8
3516,1
3517,37
3518,0
3519,106
3520,4
3521,32
3522,34
3523,25
3524,32
3525,20
3526,13
3527,11
3528,20
3529,30
3530,30
3531,51
3532,25
3533,11
3534,25
3535,0
3536,0
3537,0
3538,25
3539,31
3540,5
3541,37
3542,8
3543,8
3544,37
3545,8
3546,1
3547,6
3548,2
3549,93
3550,93
3551,93
3552,93
3553,51
3554,107
3555,107
3556,16
3557,6
3558,10
3559,10
3560,10
3561,1
3562,1
3563,0
3564,7
3565,42
3566,1
3567,9
3568,9
3569,13
3570,3
3571,2
3572,2
3573,52
3574,12
3575,15
3576,7
3577,7
3578,18
3579,13
3580,13
3581,12
3582,51
3583,16
3584,51
3585,12
3586,2
3587,30
3588,10
3589,30
3590,37
3591,105
3592,55
3593,41
3594,13
3595,1
3596,10
3597,7
3598,3
3599,3
3600,1
3601,7
3602,42
3603,5
3604,15
3605,24
3606,8
3607,4
3608,8
3609,4
3610,7
3611,14
3612,13
3613,9
3614,14
3615,1
3616,3
3617,4
3618,52
3619,29
3620,32
3621,7
3622,32
3623,25
3624,9
3625,37
3626,7
3627,2
3628,14
3629,3
3630,37
3631,13
3632,13
3633,13
3634,14
3635,24
3636,36
3637,80
3638,87
3639,87
3640,82
3641,82
3642,44
3643,90
3644,13
3645,13
3646,13
3647,16
3648,25
3649,22
3650,24
3651,3
3652,6
3653,5
3654,1
3655,0
3656,16
3657,1
3658,2
3659,24
3660,16
3661,5
3662,30
3663,13
3664,110
3665,0
3666,26
3667,26
3668,25
3669,1
3670,13
3671,13
3672,1
3673,8
3674,3
3675,8
3676,1
3677,25
3678,37
3679,10
3680,25
3681,1
3682,3
3683,2
3684,8
3685,3
3686,8
3687,8
3688,8
3689,8
3690,8
3691,8
3692,8
3693,8
3694,8
3695,4
3696,6
3697,8
3698,8
3699,21
3700,25
3701,70
3702,1
3703,1
3704,42
3705,16
3706,4
3707,4
3708,3
3709,0
3710,1
3711,2
3712,14
3713,37
3714,21
3715,5
3716,15
3717,15
3718,3
3719,4
3720,0
3721,18
3722,15
3723,14
3724,14
3725,7
3726,6
3727,6
3728,22
3729,4
3730,18
3731,7
3732,92
3733,30
3734,18
3735,16
3736,56
3737,56
3738,1
3739,0
3740,13
3741,119
3742,52
3743,2
3744,24
3745,10
3746,11
3747,10
3748,11
3749,27
3750,29
3751,26
3752,30
3753,30
3754,0
3755,90
3756,15
3757,1
3758,31
3759,2
3760,1
3761,14
3762,2
3763,7
3764,8
3765,5
3766,36
3767,13
3768,9
3769,9
3770,9
3771,13
3772,4
3773,25
3774,25
3775,12
3776,1
3777,1
3778,16
3779,16
3780,15
3781,15
3782,13
3783,25
3784,10
3785,15
3786,15
3787,1
3788,25
3789,16
3790,32
3791,29
3792,31
3793,32
3794,30
3795,15
3796,13
3797,13
3798,22
3799,2
3800,21
3801,2
3802,0
3803,37
3804,0
3805,2
3806,0
3807,0
3808,1
3809,16
3810,106
3811,106
3812,36
3813,78
3814,58
3815,101
3816,63
3817,124
3818,124
3819,26
3820,12
3821,20
3822,0
3823,31
3824,3
3825,2
3826,32
3827,31
3828,3
3829,3
3830,13
3831,8
3832,15
3833,2
3834,2
3835,2
3836,2
3837,2
3838,2
3839,2
3840,1
3841,1
3842,1
3843,1
3844,8
3845,37
3846,25
3847,32
3848,89
3849,89
3850,4
3851,25
3852,22
3853,31
3854,21
3855,36
3856,1
3857,37
3858,15
3859,17
3860,14
3861,18
3862,11
3863,32
3864,38
3865,30
3866,19
3867,11
3868,13
3869,0
3870,16
3871,0
3872,2
3873,6
3874,13
3875,13
3876,31
3877,8
3878,51
3879,14
3880,14
3881,13
3882,54
3883,80
3884,80
3885,80
3886,80
3887,80
3888,2
3889,20
3890,20
3891,12
3892,9
3893,9
3894,36
3895,4
3896,4
3897,13
3898,13
3899,3
3900,0
3901,0
3902,13
3903,12
3904,15
3905,0
3906,2
3907,2
3908,2
3909,19
3910,0
3911,7
3912,11
3913,3
3914,48
3915,13
3916,2
3917,16
3918,3
3919,1
3920,1
3921,3
3922,3
3923,25
3924,30
3925,3
3926,6
3927,3
3928,83
3929,134
3930,2
3931,2
3932,2
3933,4
3934,5
3935,4
3936,2
3937,118
3938,118
3939,2
3940,32
3941,5
3942,31
3943,37
3944,23
3945,14
3946,42
3947,1
3948,1
3949,1
3950,1
3951,13
3952,13
3953,3
3954,1
3955,18
3956,7
3957,3
3958,22
3959,16
3960,10
3961,37
3962,37
3963,10
3964,6
3965,2
3966,10
3967,10
3968,15
3969,1
3970,37
3971,12
3972,7
3973,5
3974,2
3975,1
3976,1
3977,9
3978,23
3979,13
3980,38
3981,7
3982,2
3983,2
3984,15
3985,2
3986,4
3987,4
3988,24
3989,24
3990,24
3991,3
3992,27
3993,48
3994,2
3995,24
3996,1
3997,1
3998,1
3999,3
4000,2
4001,1
4002,5
4003,3
4004,3
4005,3
4006,40
4007,7
4008,11
4009,6
4010,7
4011,6
4012,24
4013,4
4014,5
4015,3
4016,3
4017,38
4018,2
4019,13
4020,13
4021,13
4022,18
4023,31
4024,0
4025,9
4026,15
4027,1
4028,3
4029,17
4030,4
4031,2
4032,5
4033,17
4034,1
4035,2
4036,6
4037,8
4038,2
4039,2
4040,13
4041,1
4042,1
4043,2
4044,15
4045,2
4046,4
4047,25
4048,4
4049,4
4050,21
4051,45
4052,37
4053,14
4054,13
4055,44
4056,14
4057,2
4058,2
4059,2
4060,4
4061,30
4062,2
4063,1
4064,2
4065,1
4066,4
4067,4
4068,3
4069,21
4070,2
4071,35
4072,21
4073,0
4074,25
4075,2
4076,2
4077,2
4078,4
4079,4
4080,2
4081,4
4082,4
4083,5
4084,5
4085,5
4086,10
4087,10
4088,8
4089,70
4090,37
4091,42
4092,21
4093,21
4094,2
4095,2
4096,2
4097,5
4098,55
4099,2
4100,5
4101,13
4102,32
4103,30
4104,22
4105,22
4106,31
4107,32
4108,11
4109,1
4110,1
4111,2
4112,21
4113,2
4114,2
4115,40
4116,4
4117,3
4118,19
4119,3
4120,15
4121,15
4122,5
4123,3
4124,29
4125,25
4126,0
4127,21
4128,2
4129,5
4130,32
4131,18
4132,25
4133,7
4134,51
4135,4
4136,7
4137,62
4138,13
4139,13
4140,13
4141,4
4142,0
4143,18
4144,22
4145,22
4146,32
4147,3
4148,4
4149,5
4150,5
4151,3
4152,6
4153,0
4154,0
4155,5
4156,16
4157,3
4158,3
4159,13
4160,4
4161,4
4162,14
4163,3
4164,0
4165,3
4166,27
4167,17
4168,29
4169,21
4170,2
4171,2
4172,2
4173,2
4174,3
4175,3
4176,1
4177,2
4178,1
4179,6
4180,19
4181,12
4182,13
4183,13
4184,6
4185,1
4186,5
4187,5
4188,10
4189,37
4190,1
4191,4
4192,3
4193,5
4194,5
4195,5
4196,1
4197,1
4198,1
4199,10
4200,2
4201,2
4202,4
4203,0
4204,25
4205,10
4206,25
4207,5
4208,25
4209,90
4210,127
4211,4
4212,0
4213,2
4214,2
4215,1
4216,1
4217,1
4218,3
4219,25
4220,10
4221,16
4222,6
4223,37
4224,37
4225,3
4226,11
4227,4
4228,98
4229,5
4230,4
4231,1
4232,2
4233,2
4234,6
4235,2
4236,10
4237,10
4238,10
4239,37
4240,13
4241,4
4242,1
4243,1
4244,1
4245,1
4246,10
4247,25
4248,25
4249,2
4250,2
4251,2
4252,2
